{
    "branchCompany":[
      {"companyId": "02.02", "companyName": "ABC供应链集团有限公司", "userId": 330, "customerId": "qiao", "balance": 0},
      {"companyId": "10001", "companyName": "浙江工银聚集团有限公司", "userId": 330, "customerId": "qiao", "balance": 0},
      {"companyId": "10010", "companyName": "浙江化工有限公司", "userId": 330, "customerId": "qiao", "balance": 0},
      {"companyId": "888.01", "companyName": "某某供应链集团有限公司", "userId": 330, "customerId": "qiao", "balance": 0}
    ],
    "companyId":null,"status":"000","total":4

}
