{"user":{"UserEntityid":34,"UserEntityunionId":"519246","UserEntityloginName":"admin","UserEntitypassword":null,"UserEntityuserName":"\u7ba1\u7406\u5458","UserEntitycustomId":"admin","UserEntityenable":null,"UserEntitytelephone":null,"UserEntitymobilephone":"15251703613","UserEntityemail":null,"UserEntityaddress":null,"UserEntitycreateTime":null,"UserEntitylastUpdateTime":null,"UserEntityv_loginTime":{"__PHP_Incomplete_Class_Name":"Date","DatefastTime":1493263710667,"Datecdate":null},"UserEntitysellerId":null,"UserEntityv_wxuser":null,"UserEntityv_platform":0,"UserEntityv_appId":"s3Core","UserEntityappId":0,"UserEntitycustomIp":null,"UserEntityrsv1":null,"UserEntityrsv2":null,"UserEntityroles":[{"__PHP_Incomplete_Class_Name":"RoleEntity","RoleEntityid":1,"RoleEntityname":"\u7ecf\u9500\u5546","RoleEntityisBuildIn":0,"RoleEntityenable":0,"RoleEntitycreateTime":null,"RoleEntitylastUpdateTime":{"__PHP_Incomplete_Class_Name":"Date","DatefastTime":1493176908000,"Datecdate":null},"RoleEntityappId":0,"RoleEntityrsv1":null,"RoleEntityrsv2":null,"RoleEntityfunctions":[{"__PHP_Incomplete_Class_Name":"FunctionEntity","FunctionEntityid":178,"FunctionEntityname":"\u6211\u7684\u8ba2\u5355","FunctionEntityicon":"","FunctionEntityurl":"myOrder","FunctionEntityparentId":0,"FunctionEntityenable":1,"FunctionEntitysortNo":2,"FunctionEntitycreateTime":{"__PHP_Incomplete_Class_Name":"Date","DatefastTime":1423030479000,"Datecdate":null},"FunctionEntitylastUpdateTime":{"__PHP_Incomplete_Class_Name":"Date","DatefastTime":1488515332000,"Datecdate":null},"FunctionEntityappId":0,"FunctionEntityrsv1":null,"FunctionEntityrsv2":null,"FunctionEntityfunctionCode":"","FunctionEntitychildFunctions":null},{"__PHP_Incomplete_Class_Name":"FunctionEntity","FunctionEntityid":199,"FunctionEntityname":"\u6211\u7684\u7406\u8d22","FunctionEntityicon":null,"FunctionEntityurl":"gyjf","FunctionEntityparentId":0,"FunctionEntityenable":1,"FunctionEntitysortNo":1,"FunctionEntitycreateTime":{"__PHP_Incomplete_Class_Name":"Date","DatefastTime":1490665666000,"Datecdate":null},"FunctionEntitylastUpdateTime":{"__PHP_Incomplete_Class_Name":"Date","DatefastTime":1490665669000,"Datecdate":null},"FunctionEntityappId":0,"FunctionEntityrsv1":null,"FunctionEntityrsv2":null,"FunctionEntityfunctionCode":null,"FunctionEntitychildFunctions":null},{"__PHP_Incomplete_Class_Name":"FunctionEntity","FunctionEntityid":202,"FunctionEntityname":"\u5feb\u901f\u4e0b\u5355","FunctionEntityicon":null,"FunctionEntityurl":"quickOrder","FunctionEntityparentId":0,"FunctionEntityenable":1,"FunctionEntitysortNo":1,"FunctionEntitycreateTime":null,"FunctionEntitylastUpdateTime":null,"FunctionEntityappId":0,"FunctionEntityrsv1":null,"FunctionEntityrsv2":null,"FunctionEntityfunctionCode":null,"FunctionEntitychildFunctions":null},{"__PHP_Incomplete_Class_Name":"FunctionEntity","FunctionEntityid":203,"FunctionEntityname":"\u6211\u7684\u4ed8\u6b3e\u5355","FunctionEntityicon":null,"FunctionEntityurl":"myPayment","FunctionEntityparentId":0,"FunctionEntityenable":1,"FunctionEntitysortNo":null,"FunctionEntitycreateTime":null,"FunctionEntitylastUpdateTime":null,"FunctionEntityappId":0,"FunctionEntityrsv1":null,"FunctionEntityrsv2":null,"FunctionEntityfunctionCode":null,"FunctionEntitychildFunctions":null},{"__PHP_Incomplete_Class_Name":"FunctionEntity","FunctionEntityid":204,"FunctionEntityname":"\u6211\u7684\u53d1\u8d27\u5355","FunctionEntityicon":null,"FunctionEntityurl":"myDelivery","FunctionEntityparentId":0,"FunctionEntityenable":1,"FunctionEntitysortNo":null,"FunctionEntitycreateTime":null,"FunctionEntitylastUpdateTime":null,"FunctionEntityappId":0,"FunctionEntityrsv1":null,"FunctionEntityrsv2":null,"FunctionEntityfunctionCode":null,"FunctionEntitychildFunctions":null},{"__PHP_Incomplete_Class_Name":"FunctionEntity","FunctionEntityid":205,"FunctionEntityname":"\u6211\u7684\u5bf9\u8d26\u5355","FunctionEntityicon":null,"FunctionEntityurl":"statement","FunctionEntityparentId":0,"FunctionEntityenable":1,"FunctionEntitysortNo":null,"FunctionEntitycreateTime":null,"FunctionEntitylastUpdateTime":null,"FunctionEntityappId":0,"FunctionEntityrsv1":null,"FunctionEntityrsv2":null,"FunctionEntityfunctionCode":null,"FunctionEntitychildFunctions":null},{"__PHP_Incomplete_Class_Name":"FunctionEntity","FunctionEntityid":212,"FunctionEntityname":"\u6211\u7684\u53d1\u7968","FunctionEntityicon":null,"FunctionEntityurl":"invoice","FunctionEntityparentId":0,"FunctionEntityenable":1,"FunctionEntitysortNo":null,"FunctionEntitycreateTime":null,"FunctionEntitylastUpdateTime":null,"FunctionEntityappId":0,"FunctionEntityrsv1":null,"FunctionEntityrsv2":null,"FunctionEntityfunctionCode":null,"FunctionEntitychildFunctions":null},{"__PHP_Incomplete_Class_Name":"FunctionEntity","FunctionEntityid":219,"FunctionEntityname":"\u6211\u7684\u8d37\u6b3e","FunctionEntityicon":null,"FunctionEntityurl":"myFinancing","FunctionEntityparentId":0,"FunctionEntityenable":1,"FunctionEntitysortNo":null,"FunctionEntitycreateTime":null,"FunctionEntitylastUpdateTime":null,"FunctionEntityappId":0,"FunctionEntityrsv1":null,"FunctionEntityrsv2":null,"FunctionEntityfunctionCode":null,"FunctionEntitychildFunctions":null},{"__PHP_Incomplete_Class_Name":"FunctionEntity","FunctionEntityid":220,"FunctionEntityname":"\u6211\u7684\u9000\u8d27\u5355","FunctionEntityicon":null,"FunctionEntityurl":"myReturnOrder","FunctionEntityparentId":0,"FunctionEntityenable":1,"FunctionEntitysortNo":null,"FunctionEntitycreateTime":{"__PHP_Incomplete_Class_Name":"Date","DatefastTime":1491988435000,"Datecdate":null},"FunctionEntitylastUpdateTime":{"__PHP_Incomplete_Class_Name":"Date","DatefastTime":1491988437000,"Datecdate":null},"FunctionEntityappId":0,"FunctionEntityrsv1":null,"FunctionEntityrsv2":null,"FunctionEntityfunctionCode":null,"FunctionEntitychildFunctions":null}],"RoleEntitybusinessKey":"\u7ecf\u9500\u5546"},{"__PHP_Incomplete_Class_Name":"RoleEntity","RoleEntityid":2,"RoleEntityname":"\u4e1a\u52a1\u5458","RoleEntityisBuildIn":0,"RoleEntityenable":1,"RoleEntitycreateTime":null,"RoleEntitylastUpdateTime":{"__PHP_Incomplete_Class_Name":"Date","DatefastTime":1491547098000,"Datecdate":null},"RoleEntityappId":0,"RoleEntityrsv1":null,"RoleEntityrsv2":null,"RoleEntityfunctions":[{"__PHP_Incomplete_Class_Name":"FunctionEntity","FunctionEntityid":175,"FunctionEntityname":"\u8ba2\u5355\u67e5\u8be2","FunctionEntityicon":null,"FunctionEntityurl":"orderSearch","FunctionEntityparentId":0,"FunctionEntityenable":1,"FunctionEntitysortNo":1,"FunctionEntitycreateTime":{"__PHP_Incomplete_Class_Name":"Date","DatefastTime":1423030479000,"Datecdate":null},"FunctionEntitylastUpdateTime":null,"FunctionEntityappId":0,"FunctionEntityrsv1":null,"FunctionEntityrsv2":null,"FunctionEntityfunctionCode":null,"FunctionEntitychildFunctions":null},{"__PHP_Incomplete_Class_Name":"FunctionEntity","FunctionEntityid":206,"FunctionEntityname":"\u4ee3\u5ba2\u4e0b\u5355","FunctionEntityicon":null,"FunctionEntityurl":"deputyOrder","FunctionEntityparentId":0,"FunctionEntityenable":1,"FunctionEntitysortNo":null,"FunctionEntitycreateTime":null,"FunctionEntitylastUpdateTime":null,"FunctionEntityappId":0,"FunctionEntityrsv1":null,"FunctionEntityrsv2":null,"FunctionEntityfunctionCode":null,"FunctionEntitychildFunctions":null},{"__PHP_Incomplete_Class_Name":"FunctionEntity","FunctionEntityid":208,"FunctionEntityname":"\u53d1\u8d27\u5355\u67e5\u8be2","FunctionEntityicon":null,"FunctionEntityurl":"deliverySearch","FunctionEntityparentId":0,"FunctionEntityenable":1,"FunctionEntitysortNo":null,"FunctionEntitycreateTime":null,"FunctionEntitylastUpdateTime":null,"FunctionEntityappId":0,"FunctionEntityrsv1":null,"FunctionEntityrsv2":null,"FunctionEntityfunctionCode":null,"FunctionEntitychildFunctions":null},{"__PHP_Incomplete_Class_Name":"FunctionEntity","FunctionEntityid":209,"FunctionEntityname":"\u5bf9\u8d26\u5355\u67e5\u8be2","FunctionEntityicon":null,"FunctionEntityurl":"statementSearch","FunctionEntityparentId":0,"FunctionEntityenable":1,"FunctionEntitysortNo":null,"FunctionEntitycreateTime":null,"FunctionEntitylastUpdateTime":null,"FunctionEntityappId":0,"FunctionEntityrsv1":null,"FunctionEntityrsv2":null,"FunctionEntityfunctionCode":null,"FunctionEntitychildFunctions":null},{"__PHP_Incomplete_Class_Name":"FunctionEntity","FunctionEntityid":210,"FunctionEntityname":"\u8d26\u6237\u4fe1\u606f\u7ba1\u7406","FunctionEntityicon":null,"FunctionEntityurl":"accountManager","FunctionEntityparentId":0,"FunctionEntityenable":1,"FunctionEntitysortNo":null,"FunctionEntitycreateTime":null,"FunctionEntitylastUpdateTime":null,"FunctionEntityappId":0,"FunctionEntityrsv1":null,"FunctionEntityrsv2":null,"FunctionEntityfunctionCode":null,"FunctionEntitychildFunctions":null},{"__PHP_Incomplete_Class_Name":"FunctionEntity","FunctionEntityid":213,"FunctionEntityname":"\u53d1\u7968\u67e5\u8be2","FunctionEntityicon":null,"FunctionEntityurl":"invoiceSearch","FunctionEntityparentId":0,"FunctionEntityenable":1,"FunctionEntitysortNo":null,"FunctionEntitycreateTime":null,"FunctionEntitylastUpdateTime":null,"FunctionEntityappId":0,"FunctionEntityrsv1":null,"FunctionEntityrsv2":null,"FunctionEntityfunctionCode":null,"FunctionEntitychildFunctions":null}],"RoleEntitybusinessKey":""},{"__PHP_Incomplete_Class_Name":"RoleEntity","RoleEntityid":3,"RoleEntityname":"\u7ba1\u7406\u5458","RoleEntityisBuildIn":0,"RoleEntityenable":0,"RoleEntitycreateTime":null,"RoleEntitylastUpdateTime":{"__PHP_Incomplete_Class_Name":"Date","DatefastTime":1491360655000,"Datecdate":null},"RoleEntityappId":0,"RoleEntityrsv1":null,"RoleEntityrsv2":null,"RoleEntityfunctions":[{"__PHP_Incomplete_Class_Name":"FunctionEntity","FunctionEntityid":175,"FunctionEntityname":"\u8ba2\u5355\u67e5\u8be2","FunctionEntityicon":null,"FunctionEntityurl":"orderSearch","FunctionEntityparentId":0,"FunctionEntityenable":1,"FunctionEntitysortNo":1,"FunctionEntitycreateTime":{"__PHP_Incomplete_Class_Name":"Date","DatefastTime":1423030479000,"Datecdate":null},"FunctionEntitylastUpdateTime":null,"FunctionEntityappId":0,"FunctionEntityrsv1":null,"FunctionEntityrsv2":null,"FunctionEntityfunctionCode":null,"FunctionEntitychildFunctions":null},{"__PHP_Incomplete_Class_Name":"FunctionEntity","FunctionEntityid":184,"FunctionEntityname":"\u6211\u7684\u53d1\u8d27\u5355","FunctionEntityicon":"","FunctionEntityurl":"myInstock","FunctionEntityparentId":175,"FunctionEntityenable":1,"FunctionEntitysortNo":3,"FunctionEntitycreateTime":{"__PHP_Incomplete_Class_Name":"Date","DatefastTime":1488515332000,"Datecdate":null},"FunctionEntitylastUpdateTime":{"__PHP_Incomplete_Class_Name":"Date","DatefastTime":1488515332000,"Datecdate":null},"FunctionEntityappId":0,"FunctionEntityrsv1":null,"FunctionEntityrsv2":null,"FunctionEntityfunctionCode":"","FunctionEntitychildFunctions":null},{"__PHP_Incomplete_Class_Name":"FunctionEntity","FunctionEntityid":214,"FunctionEntityname":"\u540c\u6b65\u7ba1\u7406","FunctionEntityicon":null,"FunctionEntityurl":"syncMessage","FunctionEntityparentId":0,"FunctionEntityenable":1,"FunctionEntitysortNo":null,"FunctionEntitycreateTime":null,"FunctionEntitylastUpdateTime":null,"FunctionEntityappId":0,"FunctionEntityrsv1":null,"FunctionEntityrsv2":null,"FunctionEntityfunctionCode":null,"FunctionEntitychildFunctions":null},{"__PHP_Incomplete_Class_Name":"FunctionEntity","FunctionEntityid":215,"FunctionEntityname":"\u5bfc\u5165\u7ba1\u7406","FunctionEntityicon":null,"FunctionEntityurl":"importMessage","FunctionEntityparentId":0,"FunctionEntityenable":1,"FunctionEntitysortNo":null,"FunctionEntitycreateTime":null,"FunctionEntitylastUpdateTime":null,"FunctionEntityappId":0,"FunctionEntityrsv1":null,"FunctionEntityrsv2":null,"FunctionEntityfunctionCode":null,"FunctionEntitychildFunctions":null},{"__PHP_Incomplete_Class_Name":"FunctionEntity","FunctionEntityid":216,"FunctionEntityname":"\u6d4b\u8bd52","FunctionEntityicon":null,"FunctionEntityurl":"\/daowei\/~main\/login.php","FunctionEntityparentId":0,"FunctionEntityenable":1,"FunctionEntitysortNo":null,"FunctionEntitycreateTime":null,"FunctionEntitylastUpdateTime":null,"FunctionEntityappId":0,"FunctionEntityrsv1":null,"FunctionEntityrsv2":null,"FunctionEntityfunctionCode":null,"FunctionEntitychildFunctions":null},{"__PHP_Incomplete_Class_Name":"FunctionEntity","FunctionEntityid":218,"FunctionEntityname":"\u6211\u7684\u8ba2\u5355","FunctionEntityicon":null,"FunctionEntityurl":"http:\/\/109.5.125.39\/ultimate\/~main\/module\/order\/myOrder.php","FunctionEntityparentId":0,"FunctionEntityenable":1,"FunctionEntitysortNo":null,"FunctionEntitycreateTime":null,"FunctionEntitylastUpdateTime":null,"FunctionEntityappId":0,"FunctionEntityrsv1":null,"FunctionEntityrsv2":null,"FunctionEntityfunctionCode":null,"FunctionEntitychildFunctions":null}],"RoleEntitybusinessKey":"\u7ba1\u7406\u5458"},{"__PHP_Incomplete_Class_Name":"RoleEntity","RoleEntityid":11,"RoleEntityname":"\u4f9b\u5e94\u5546","RoleEntityisBuildIn":0,"RoleEntityenable":1,"RoleEntitycreateTime":{"__PHP_Incomplete_Class_Name":"Date","DatefastTime":1490664679000,"Datecdate":null},"RoleEntitylastUpdateTime":{"__PHP_Incomplete_Class_Name":"Date","DatefastTime":1490664682000,"Datecdate":null},"RoleEntityappId":0,"RoleEntityrsv1":null,"RoleEntityrsv2":null,"RoleEntityfunctions":[{"__PHP_Incomplete_Class_Name":"FunctionEntity","FunctionEntityid":177,"FunctionEntityname":"\u91c7\u8d2d\u8ba2\u5355","FunctionEntityicon":"","FunctionEntityurl":"purchaseOrder","FunctionEntityparentId":0,"FunctionEntityenable":1,"FunctionEntitysortNo":2,"FunctionEntitycreateTime":{"__PHP_Incomplete_Class_Name":"Date","DatefastTime":1423030479000,"Datecdate":null},"FunctionEntitylastUpdateTime":{"__PHP_Incomplete_Class_Name":"Date","DatefastTime":1490595718000,"Datecdate":null},"FunctionEntityappId":0,"FunctionEntityrsv1":null,"FunctionEntityrsv2":null,"FunctionEntityfunctionCode":"","FunctionEntitychildFunctions":null},{"__PHP_Incomplete_Class_Name":"FunctionEntity","FunctionEntityid":193,"FunctionEntityname":"\u6211\u7684\u53d1\u7968","FunctionEntityicon":null,"FunctionEntityurl":"purchaseInvoice","FunctionEntityparentId":0,"FunctionEntityenable":1,"FunctionEntitysortNo":1,"FunctionEntitycreateTime":{"__PHP_Incomplete_Class_Name":"Date","DatefastTime":1490665127000,"Datecdate":null},"FunctionEntitylastUpdateTime":{"__PHP_Incomplete_Class_Name":"Date","DatefastTime":1490665129000,"Datecdate":null},"FunctionEntityappId":0,"FunctionEntityrsv1":null,"FunctionEntityrsv2":null,"FunctionEntityfunctionCode":null,"FunctionEntitychildFunctions":null},{"__PHP_Incomplete_Class_Name":"FunctionEntity","FunctionEntityid":194,"FunctionEntityname":"\u6211\u7684\u6536\u6b3e\u5355","FunctionEntityicon":null,"FunctionEntityurl":"myDibetNote","FunctionEntityparentId":0,"FunctionEntityenable":1,"FunctionEntitysortNo":1,"FunctionEntitycreateTime":{"__PHP_Incomplete_Class_Name":"Date","DatefastTime":1490665232000,"Datecdate":null},"FunctionEntitylastUpdateTime":{"__PHP_Incomplete_Class_Name":"Date","DatefastTime":1490665234000,"Datecdate":null},"FunctionEntityappId":0,"FunctionEntityrsv1":null,"FunctionEntityrsv2":null,"FunctionEntityfunctionCode":null,"FunctionEntitychildFunctions":null},{"__PHP_Incomplete_Class_Name":"FunctionEntity","FunctionEntityid":195,"FunctionEntityname":"\u6211\u7684\u53d1\u8d27\u5355","FunctionEntityicon":null,"FunctionEntityurl":"myInstock","FunctionEntityparentId":0,"FunctionEntityenable":1,"FunctionEntitysortNo":1,"FunctionEntitycreateTime":{"__PHP_Incomplete_Class_Name":"Date","DatefastTime":1490665375000,"Datecdate":null},"FunctionEntitylastUpdateTime":{"__PHP_Incomplete_Class_Name":"Date","DatefastTime":1490665379000,"Datecdate":null},"FunctionEntityappId":0,"FunctionEntityrsv1":null,"FunctionEntityrsv2":null,"FunctionEntityfunctionCode":null,"FunctionEntitychildFunctions":null},{"__PHP_Incomplete_Class_Name":"FunctionEntity","FunctionEntityid":196,"FunctionEntityname":"\u9000\u8d27\u5355","FunctionEntityicon":null,"FunctionEntityurl":"myReturnbill","FunctionEntityparentId":0,"FunctionEntityenable":1,"FunctionEntitysortNo":1,"FunctionEntitycreateTime":{"__PHP_Incomplete_Class_Name":"Date","DatefastTime":1490665426000,"Datecdate":null},"FunctionEntitylastUpdateTime":{"__PHP_Incomplete_Class_Name":"Date","DatefastTime":1490665428000,"Datecdate":null},"FunctionEntityappId":0,"FunctionEntityrsv1":null,"FunctionEntityrsv2":null,"FunctionEntityfunctionCode":null,"FunctionEntitychildFunctions":null},{"__PHP_Incomplete_Class_Name":"FunctionEntity","FunctionEntityid":197,"FunctionEntityname":"\u5165\u5e93\u5355","FunctionEntityicon":null,"FunctionEntityurl":"myStock","FunctionEntityparentId":0,"FunctionEntityenable":1,"FunctionEntitysortNo":1,"FunctionEntitycreateTime":{"__PHP_Incomplete_Class_Name":"Date","DatefastTime":1490665559000,"Datecdate":null},"FunctionEntitylastUpdateTime":{"__PHP_Incomplete_Class_Name":"Date","DatefastTime":1490665561000,"Datecdate":null},"FunctionEntityappId":0,"FunctionEntityrsv1":null,"FunctionEntityrsv2":null,"FunctionEntityfunctionCode":null,"FunctionEntitychildFunctions":null},{"__PHP_Incomplete_Class_Name":"FunctionEntity","FunctionEntityid":198,"FunctionEntityname":"\u6211\u7684\u8d37\u6b3e","FunctionEntityicon":null,"FunctionEntityurl":"myLoan","FunctionEntityparentId":0,"FunctionEntityenable":1,"FunctionEntitysortNo":1,"FunctionEntitycreateTime":{"__PHP_Incomplete_Class_Name":"Date","DatefastTime":1490665618000,"Datecdate":null},"FunctionEntitylastUpdateTime":{"__PHP_Incomplete_Class_Name":"Date","DatefastTime":1490665620000,"Datecdate":null},"FunctionEntityappId":0,"FunctionEntityrsv1":null,"FunctionEntityrsv2":null,"FunctionEntityfunctionCode":null,"FunctionEntitychildFunctions":null},{"__PHP_Incomplete_Class_Name":"FunctionEntity","FunctionEntityid":199,"FunctionEntityname":"\u6211\u7684\u7406\u8d22","FunctionEntityicon":null,"FunctionEntityurl":"gyjf","FunctionEntityparentId":0,"FunctionEntityenable":1,"FunctionEntitysortNo":1,"FunctionEntitycreateTime":{"__PHP_Incomplete_Class_Name":"Date","DatefastTime":1490665666000,"Datecdate":null},"FunctionEntitylastUpdateTime":{"__PHP_Incomplete_Class_Name":"Date","DatefastTime":1490665669000,"Datecdate":null},"FunctionEntityappId":0,"FunctionEntityrsv1":null,"FunctionEntityrsv2":null,"FunctionEntityfunctionCode":null,"FunctionEntitychildFunctions":null},{"__PHP_Incomplete_Class_Name":"FunctionEntity","FunctionEntityid":224,"FunctionEntityname":"\u5907\u8d27\u8ba1\u5212","FunctionEntityicon":null,"FunctionEntityurl":"porequest","FunctionEntityparentId":0,"FunctionEntityenable":1,"FunctionEntitysortNo":null,"FunctionEntitycreateTime":{"__PHP_Incomplete_Class_Name":"Date","DatefastTime":1493087973000,"Datecdate":null},"FunctionEntitylastUpdateTime":{"__PHP_Incomplete_Class_Name":"Date","DatefastTime":1493087978000,"Datecdate":null},"FunctionEntityappId":0,"FunctionEntityrsv1":null,"FunctionEntityrsv2":null,"FunctionEntityfunctionCode":null,"FunctionEntitychildFunctions":null}],"RoleEntitybusinessKey":"\u4f9b\u5e94\u5546"},{"__PHP_Incomplete_Class_Name":"RoleEntity","RoleEntityid":12,"RoleEntityname":"\u4e0a\u6e38\u4e1a\u52a1\u5458","RoleEntityisBuildIn":0,"RoleEntityenable":0,"RoleEntitycreateTime":{"__PHP_Incomplete_Class_Name":"Date","DatefastTime":1489581981000,"Datecdate":null},"RoleEntitylastUpdateTime":{"__PHP_Incomplete_Class_Name":"Date","DatefastTime":1491361646000,"Datecdate":null},"RoleEntityappId":0,"RoleEntityrsv1":null,"RoleEntityrsv2":null,"RoleEntityfunctions":[{"__PHP_Incomplete_Class_Name":"FunctionEntity","FunctionEntityid":177,"FunctionEntityname":"\u91c7\u8d2d\u8ba2\u5355","FunctionEntityicon":"","FunctionEntityurl":"purchaseOrder","FunctionEntityparentId":0,"FunctionEntityenable":1,"FunctionEntitysortNo":2,"FunctionEntitycreateTime":{"__PHP_Incomplete_Class_Name":"Date","DatefastTime":1423030479000,"Datecdate":null},"FunctionEntitylastUpdateTime":{"__PHP_Incomplete_Class_Name":"Date","DatefastTime":1490595718000,"Datecdate":null},"FunctionEntityappId":0,"FunctionEntityrsv1":null,"FunctionEntityrsv2":null,"FunctionEntityfunctionCode":"","FunctionEntitychildFunctions":null},{"__PHP_Incomplete_Class_Name":"FunctionEntity","FunctionEntityid":193,"FunctionEntityname":"\u6211\u7684\u53d1\u7968","FunctionEntityicon":null,"FunctionEntityurl":"purchaseInvoice","FunctionEntityparentId":0,"FunctionEntityenable":1,"FunctionEntitysortNo":1,"FunctionEntitycreateTime":{"__PHP_Incomplete_Class_Name":"Date","DatefastTime":1490665127000,"Datecdate":null},"FunctionEntitylastUpdateTime":{"__PHP_Incomplete_Class_Name":"Date","DatefastTime":1490665129000,"Datecdate":null},"FunctionEntityappId":0,"FunctionEntityrsv1":null,"FunctionEntityrsv2":null,"FunctionEntityfunctionCode":null,"FunctionEntitychildFunctions":null},{"__PHP_Incomplete_Class_Name":"FunctionEntity","FunctionEntityid":195,"FunctionEntityname":"\u6211\u7684\u53d1\u8d27\u5355","FunctionEntityicon":null,"FunctionEntityurl":"myInstock","FunctionEntityparentId":0,"FunctionEntityenable":1,"FunctionEntitysortNo":1,"FunctionEntitycreateTime":{"__PHP_Incomplete_Class_Name":"Date","DatefastTime":1490665375000,"Datecdate":null},"FunctionEntitylastUpdateTime":{"__PHP_Incomplete_Class_Name":"Date","DatefastTime":1490665379000,"Datecdate":null},"FunctionEntityappId":0,"FunctionEntityrsv1":null,"FunctionEntityrsv2":null,"FunctionEntityfunctionCode":null,"FunctionEntitychildFunctions":null},{"__PHP_Incomplete_Class_Name":"FunctionEntity","FunctionEntityid":196,"FunctionEntityname":"\u9000\u8d27\u5355","FunctionEntityicon":null,"FunctionEntityurl":"myReturnbill","FunctionEntityparentId":0,"FunctionEntityenable":1,"FunctionEntitysortNo":1,"FunctionEntitycreateTime":{"__PHP_Incomplete_Class_Name":"Date","DatefastTime":1490665426000,"Datecdate":null},"FunctionEntitylastUpdateTime":{"__PHP_Incomplete_Class_Name":"Date","DatefastTime":1490665428000,"Datecdate":null},"FunctionEntityappId":0,"FunctionEntityrsv1":null,"FunctionEntityrsv2":null,"FunctionEntityfunctionCode":null,"FunctionEntitychildFunctions":null},{"__PHP_Incomplete_Class_Name":"FunctionEntity","FunctionEntityid":197,"FunctionEntityname":"\u5165\u5e93\u5355","FunctionEntityicon":null,"FunctionEntityurl":"myStock","FunctionEntityparentId":0,"FunctionEntityenable":1,"FunctionEntitysortNo":1,"FunctionEntitycreateTime":{"__PHP_Incomplete_Class_Name":"Date","DatefastTime":1490665559000,"Datecdate":null},"FunctionEntitylastUpdateTime":{"__PHP_Incomplete_Class_Name":"Date","DatefastTime":1490665561000,"Datecdate":null},"FunctionEntityappId":0,"FunctionEntityrsv1":null,"FunctionEntityrsv2":null,"FunctionEntityfunctionCode":null,"FunctionEntitychildFunctions":null},{"__PHP_Incomplete_Class_Name":"FunctionEntity","FunctionEntityid":200,"FunctionEntityname":"\u6211\u7684\u4ed8\u6b3e\u5355","FunctionEntityicon":null,"FunctionEntityurl":"uppayment","FunctionEntityparentId":0,"FunctionEntityenable":1,"FunctionEntitysortNo":1,"FunctionEntitycreateTime":{"__PHP_Incomplete_Class_Name":"Date","DatefastTime":1490665899000,"Datecdate":null},"FunctionEntitylastUpdateTime":{"__PHP_Incomplete_Class_Name":"Date","DatefastTime":1490665901000,"Datecdate":null},"FunctionEntityappId":0,"FunctionEntityrsv1":null,"FunctionEntityrsv2":null,"FunctionEntityfunctionCode":null,"FunctionEntitychildFunctions":null},{"__PHP_Incomplete_Class_Name":"FunctionEntity","FunctionEntityid":221,"FunctionEntityname":"\u7ed3\u8d26\u6e05\u5355","FunctionEntityicon":null,"FunctionEntityurl":"settleOrder","FunctionEntityparentId":0,"FunctionEntityenable":1,"FunctionEntitysortNo":null,"FunctionEntitycreateTime":null,"FunctionEntitylastUpdateTime":null,"FunctionEntityappId":0,"FunctionEntityrsv1":null,"FunctionEntityrsv2":null,"FunctionEntityfunctionCode":null,"FunctionEntitychildFunctions":null}],"RoleEntitybusinessKey":"\u4e0a\u6e38\u4e1a\u52a1\u5458"}],"UserEntityCompany":null}}