{"addressList":[{"addrId":59,"address":"\u5317\u4eac\u5e02 \u5e02\u8f96\u533a \u4e1c\u57ce\u533a dfasf","isCurrent":1,"firstName":"sdfasf","isBillCurrent":0,"mobile":"13444334554"},{"addrId":88,"address":"\u5317\u4eac\u5e02 \u5e02\u8f96\u533a \u4e1c\u57ce\u533a 333","isCurrent":0,"firstName":"asdfas","isBillCurrent":0,"mobile":"13433332222"},{"addrId":91,"address":"\u5317\u4eac\u5e02 \u5e02\u8f96\u533a \u4e1c\u57ce\u533a 333","isCurrent":0,"firstName":"321","isBillCurrent":0,"mobile":"13434234324"},{"addrId":94,"address":"\u5317\u4eac\u5e02 \u5e02\u8f96\u533a \u4e1c\u57ce\u533a 3","isCurrent":0,"firstName":"1df","isBillCurrent":0,"mobile":"13434234324"}],"retCode":"200","count":4,"retMsg":"success"}