{"total":8,"queryList":[{"count":21323,"productName":"POY","productId":"10010003"},{"count":41,"productName":"POY","productId":"10010005"},{"count":14,"productName":"POY\u5927\u6253\u526f\u4e1a","productId":"10010004"},{"count":13,"productName":"POY","productId":"10010010"},{"count":5,"productName":"POY","productId":"10010017"},{"count":5,"productName":"316\u4e0d\u9508\u94a2\u87ba\u6746","productId":"30170005"},{"count":3,"productName":"POY","productId":"10010009"},{"count":2,"productName":"POY","productId":"10010008"}]}