{"total":8,"sort":"1","status":"000","fieldName":"createTime","orderList":[{"id":"120995","orderNo":"D201704271000","createTime":"2017-04-27 09:02:07","deliveryTime":"2017-04-29","orderStatus":"0","orderType":"00","orderSource":"0","companyId":"10001","sellerId":"10001","address":"\u5317\u4eac\u5e02 \u5e02\u8f96\u533a \u4e1c\u57ce\u533a dfasf","addressId":"59","shippingMethod":"1","orderAmount":"123.00","payAmount":"0.00","userId":"34","customerId":"admin","oldOrderId":"0","hasChild":0,"authorId":"34","salesmanId":"34","lastUpdateTime":"2017-04-27 09:02:07","outBound":0,"vehicleType":0,"paymentMethod":2,"isContract":0,"deliveryStatus":0,"companyName":"\u6d59\u6c5f\u5de5\u94f6\u805a\u6709\u9650\u516c\u53f8","userName":"\u7ba1\u7406\u5458","name":"sdfasf","mobile":"13444334554"},{"id":"120994","orderNo":"D201704181000","createTime":"2017-04-18 16:34:59","deliveryTime":"2017-04-21","orderStatus":"0","orderType":"00","orderSource":"0","companyId":"10001","sellerId":"10001","address":"\u5317\u4eac\u5e02 \u5e02\u8f96\u533a \u4e1c\u57ce\u533a dfasf","addressId":"59","shippingMethod":"1","orderAmount":"123.00","payAmount":"0.00","userId":"34","customerId":"admin","oldOrderId":"0","hasChild":0,"authorId":"34","salesmanId":"34","lastUpdateTime":"2017-04-18 16:34:59","outBound":0,"vehicleType":0,"paymentMethod":2,"isContract":0,"deliveryStatus":0,"companyName":"\u6d59\u6c5f\u5de5\u94f6\u805a\u6709\u9650\u516c\u53f8","userName":"\u7ba1\u7406\u5458","name":"sdfasf","mobile":"13444334554"},{"id":"120992","orderNo":"D201704141008","createTime":"2017-04-14 16:08:59","deliveryTime":"2017-04-17","orderStatus":"1","orderType":"00","orderSource":"0","companyId":"10001","sellerId":"10001","address":"\u5317\u4eac\u5e02 \u5e02\u8f96\u533a \u4e1c\u57ce\u533a dfasf","addressId":"59","shippingMethod":"1","orderAmount":"369.00","payAmount":"0.00","userId":"34","customerId":"admin","oldOrderId":"0","hasChild":0,"authorId":"34","salesmanId":"34","lastUpdateTime":"2017-04-14 16:08:59","outBound":0,"vehicleType":0,"paymentMethod":2,"isContract":0,"deliveryStatus":0,"companyName":"\u6d59\u6c5f\u5de5\u94f6\u805a\u6709\u9650\u516c\u53f8","userName":"\u7ba1\u7406\u5458","name":"sdfasf","mobile":"13444334554"},{"id":"120993","orderNo":"D201704141009","createTime":"2017-04-14 16:07:19","deliveryTime":"2017-04-15","orderStatus":"0","orderType":"00","orderSource":"0","companyId":"10001","address":"\u5317\u4eac\u5e02 \u5e02\u8f96\u533a \u4e1c\u57ce\u533a dfasf","addressId":"59","shippingMethod":"1","orderAmount":"0.00","payAmount":"0.00","userId":"34","customerId":"admin","oldOrderId":"0","hasChild":0,"authorId":"34","salesmanId":"34","lastUpdateTime":"2017-04-14 16:07:19","outBound":0,"vehicleType":0,"paymentMethod":0,"isContract":0,"deliveryStatus":0,"companyName":"\u6d59\u6c5f\u5de5\u94f6\u805a\u6709\u9650\u516c\u53f8","userName":"\u7ba1\u7406\u5458","name":"sdfasf","mobile":"13444334554"},{"id":"120991","orderNo":"D201704141007","createTime":"2017-04-14 14:31:38","deliveryTime":"2017-05-07","orderStatus":"0","orderType":"00","orderSource":"0","companyId":"10001","shippingMethod":"0","orderAmount":"123.00","payAmount":"0.00","userId":"34","customerId":"admin","oldOrderId":"0","hasChild":0,"authorId":"34","salesmanId":"34","lastUpdateTime":"2017-04-14 14:31:38","outBound":0,"vehicleType":0,"paymentMethod":0,"isContract":0,"deliveryStatus":0,"companyName":"\u6d59\u6c5f\u5de5\u94f6\u805a\u6709\u9650\u516c\u53f8","userName":"\u7ba1\u7406\u5458"},{"id":"120990","orderNo":"D201704141006","createTime":"2017-04-14 11:15:13","deliveryTime":"2017-04-14","orderStatus":"0","orderType":"00","orderSource":"0","companyId":"10001","address":"\u5317\u4eac\u5e02 \u5e02\u8f96\u533a \u4e1c\u57ce\u533a 3333333333333","addressId":"58","shippingMethod":"1","orderAmount":"738.00","payAmount":"0.00","userId":"34","customerId":"admin","oldOrderId":"0","hasChild":0,"authorId":"34","salesmanId":"34","lastUpdateTime":"2017-04-14 11:15:13","outBound":0,"vehicleType":0,"paymentMethod":0,"isContract":0,"deliveryStatus":0,"companyName":"\u6d59\u6c5f\u5de5\u94f6\u805a\u6709\u9650\u516c\u53f8","userName":"\u7ba1\u7406\u5458","name":"uu","mobile":"13323432525"},{"id":"120989","orderNo":"D201704141005","createTime":"2017-04-14 11:13:23","deliveryTime":"2017-04-14","orderStatus":"0","orderType":"00","orderSource":"0","companyId":"10001","address":"\u5317\u4eac\u5e02 \u5e02\u8f96\u533a \u4e1c\u57ce\u533a ggggggggggggggggg","addressId":"56","shippingMethod":"1","orderAmount":"492.00","payAmount":"0.00","userId":"34","customerId":"admin","oldOrderId":"0","hasChild":0,"authorId":"34","salesmanId":"34","lastUpdateTime":"2017-04-14 11:13:23","outBound":0,"vehicleType":0,"paymentMethod":0,"isContract":0,"deliveryStatus":0,"companyName":"\u6d59\u6c5f\u5de5\u94f6\u805a\u6709\u9650\u516c\u53f8","userName":"\u7ba1\u7406\u5458","name":"hh","mobile":"13345678912"},{"id":"120988","orderNo":"D201704141004","createTime":"2017-04-14 11:03:09","deliveryTime":"2017-04-15","orderStatus":"0","orderType":"00","orderSource":"0","companyId":"10001","address":"\u5317\u4eac\u5e02 \u5e02\u8f96\u533a \u4e1c\u57ce\u533a 22222222111111","addressId":"55","shippingMethod":"1","orderAmount":"369.00","payAmount":"0.00","userId":"34","customerId":"admin","oldOrderId":"0","hasChild":0,"authorId":"34","salesmanId":"34","lastUpdateTime":"2017-04-14 11:03:09","outBound":0,"vehicleType":0,"paymentMethod":0,"isContract":0,"deliveryStatus":0,"companyName":"\u6d59\u6c5f\u5de5\u94f6\u805a\u6709\u9650\u516c\u53f8","userName":"\u7ba1\u7406\u5458","name":"gggg","mobile":"18335988834"}]}
