{"orderDetail":{"id":"120995","orderNo":"D201704271000","createTime":"2017-04-27 09:02:07","deliveryTime":"2017-04-29","orderStatus":"0","orderType":"00","orderSource":"0","companyId":"10001","sellerId":"10001","address":"\u5317\u4eac\u5e02 \u5e02\u8f96\u533a \u4e1c\u57ce\u533a dfasf","addressId":"59","shippingMethod":"1","orderAmount":"123.00","payAmount":"0.00","userId":"34","customerId":"admin","oldOrderId":"0","hasChild":0,"authorId":"34","salesmanId":"34","lastUpdateTime":"2017-04-27 09:02:07","outBound":0,"vehicleType":0,"paymentMethod":2,"isContract":0,"deliveryStatus":0,"companyName":"\u6d59\u6c5f\u5de5\u94f6\u805a\u6709\u9650\u516c\u53f8","userName":"\u7ba1\u7406\u5458","name":"sdfasf","mobile":"13444334554"},"status":"000","productList":[{"id":"10030","productId":"10010003","entryId":"10010003","orderId":"120995","orderNo":"D201704271000","orderEntry":"1","productName":"POY","productSize":"262dtex\/48f","count":"1","arrangedCount":"0","countUnit":"\u7c73","price":"123","total":"123","realPrice":"123","realTotal":"123","toDate":"2017-04-29","categoryId":"1001","createTime":"2017-04-26","picFilePath":"http:\/\/fastdfs.gyj.com:888\/group1\/M00\/00\/2E\/bQUNelib4lWAW-wsAACbp93fYwo567.jpg","picFileName":"10010003.JPG","lastUpdateTime":"2017-04-24 17:37:21.0","surplusCount":"1","rd1":"SPCM"}],"orderDelivery":[]}