{
  "dataList":[
    {"taskId":201803191000,"id":105,"groupName":"","updateTime":"2018-03-19 10:31:34","annexUrl":"http:\/\/file.gongyinju.com\/group1\/M00\/00\/A7\/bQYdm1qvIQaAQBA9AAJd1AQSJiE119.jpg","instanceId":201803191000,"annexName":"ermine.jpg"},
    {"taskId":201803191000,"id":106,"groupName":"","updateTime":"2018-03-19 14:18:55","annexUrl":"http:\/\/file.gongyinju.com\/group1\/M00\/00\/A7\/bQYdm1qvVk-AGNTbAAJd1AQSJiE604.jpg","instanceId":201803191000,"annexName":"ermine.jpg"}
  ],
  "retCode":"200",
  "status":"000",
  "retMsg":""
}
