{"total":11807,"dataList":[{"productId":"10010003","pId":"10010003","id":"10010003","productName":"POY","productSize":"262dtex\/48f","countUnit":"\u7c73","onSale":"1","stock":"0","price":"123","categoryId":"1001","createTime":"2016-12-22 09:49:04","picFilePath":"http:\/\/fastdfs.gyj.com:888\/group1\/M00\/00\/2E\/bQUNelib4lWAW-wsAACbp93fYwo567.jpg","picFileName":"10010003.JPG","companyId":"10001","rd1":"SPCM"},{"productId":"10010004","pId":"10010004","id":"10010004","productName":"POY\u5927\u6253\u526f\u4e1a","productSize":"528dtex\/72f","onSale":"1","stock":"0","price":"0","categoryId":"1001","createTime":"2016-12-22 09:49:04","picFilePath":"http:\/\/fastdfs.gyj.com:888\/group1\/M00\/00\/2E\/bQUNelhkdC2AWSwwAAvqH_kipG8406.jpg","picFileName":"10010004.jpg","companyId":"10001","rd1":"SPCM"},{"productId":"10010005","pId":"10010005","id":"10010005","productName":"POY","productSize":"440dtex\/96f","countUnit":"m","onSale":"1","stock":"0","price":"0","categoryId":"1001","createTime":"2016-12-22 09:49:04","picFilePath":"http:\/\/fastdfs.gyj.com:888\/group1\/M00\/00\/2E\/bQUNelh8JLWAH_QLAAkVVGMybN8132.jpg","picFileName":"10010005.jpg","companyId":"10001","rd1":"SPCM"},{"productId":"10010006","pId":"10010006","id":"10010006","productName":"POY","productSize":"352dtex\/72f","countUnit":"s","onSale":"1","stock":"0","price":"0","categoryId":"1001","createTime":"2016-12-22 09:49:04","companyId":"10001","rd1":"SPCM"},{"productId":"10010007","pId":"10010007","id":"10010007","productName":"POY","productSize":"352dtex\/96f","countUnit":"2","onSale":"1","stock":"0","price":"1","categoryId":"1001","createTime":"2016-12-22 09:49:04","picFilePath":"http:\/\/fastdfs.gyj.com:888\/group1\/M00\/00\/2E\/bQUNelhkf7SADZgXAAvqH_kipG8956.jpg","picFileName":"10010007.jpg","companyId":"10001","rd1":"SPCM"},{"productId":"10010008","pId":"10010008","id":"10010008","productName":"POY","productSize":"245dtex\/48f","onSale":"1","stock":"0","price":"0","categoryId":"1001","createTime":"2016-12-22 09:49:04","companyId":"10001","rd1":"SPCM"},{"productId":"10010009","pId":"10010009","id":"10010009","productName":"POY","productSize":"267dtex\/48f","onSale":"1","price":"0","categoryId":"1001","createTime":"2016-12-22 09:49:04","companyId":"10001","rd1":"SPCM"},{"productId":"10010010","pId":"10010010","id":"10010010","productName":"POY","productSize":"268dtex\/144f","onSale":"1","price":"0","categoryId":"1001","createTime":"2016-12-22 09:49:04","companyId":"10001","rd1":"SPCM"}],"status":"000"}