{"status":"000","productInfo":{"picFileName":"10010003.JPG","rd15":"","rd13":"","rd14":"","stock":0,"rd11":"","rd12":"","rd1":"SPCM","rd10":"","picFilePath":"http:\/\/fastdfs.gyj.com:888\/group1\/M00\/00\/2E\/bQUNelib4lWAW-wsAACbp93fYwo567.jpg","onSale":"1","rd8":"","rd9":"","productCateGory":"1001","rd6":"","rd7":"","productSize":"262dtex\/48f","rd4":"","rd5":"","rd2":"","productId":"10010003","rd3":"","productAddress":"","batch":"","productCountUnit":"\u7c73","companyId":"10001","productPrice":123,"productName":"POY"}}