{"dataList":[{"data1":"POY\u5927\u6253\u526f\u4e1a","rd8":"","rd9":"","rd6":"","data2":"528dtex\/72f","rd7":"","rd4":"","standardLen":"","rd5":"","rd2":"","rd3":"","rd15":"","id":1951,"pId":"10010004","rd13":"","rd14":"","price":0,"rd11":"","rd12":"","color":"","rd1":"SPCM","rd10":"","collectId":1951,"companyId":"10001"},{"data1":"POY","rd8":"","rd9":"","rd6":"","data2":"262dtex\/48f","rd7":"","rd4":"","standardLen":"","rd5":"","rd2":"","rd3":"","rd15":"","id":1950,"pId":"10010003","rd13":"","rd14":"","price":123,"rd11":"","rd12":"","color":"","rd1":"SPCM","rd10":"","collectId":1950,"companyId":"10001"},{"data1":"\u54c8\u55bd\u91cc\u597d","rd8":"","rd9":"","rd6":"","data2":"528dtex\/96f","rd7":"","rd4":"","standardLen":"","rd5":"","rd2":"","rd3":"","rd15":"","id":1903,"pId":"10010002","rd13":"","rd14":"","price":30,"rd11":"","rd12":"","color":"","rd1":"SPCM","rd10":"","collectId":1903,"companyId":"10001"}],"total":3,"status":"000"}